{
    "r2_score": 0.9999836636868409,
    "rmse": 99.50785520790922,
    "mae": 8.049826688023005
}